{
    "saves": [
        {
            "playerPosition": {
                "x": 0.0,
                "y": 1.3025976419448853,
                "z": 0.0
            }
        },
        {
            "playerPosition": {
                "x": 0.0,
                "y": 1.3025976419448853,
                "z": 0.0
            }
        }
    ]
}